"","vars","n","mean","sd","median","trimmed","mad","min","max","range","skew","kurtosis","se"
"AreaShape_Area",1,4556,13233.4192273924,7703.97080447173,11324,12134.9846407021,5568.6456,1968,48746,46778,1.6172814054198,3.28489993332359,114.13603215398
"AreaShape_Compactness",2,4556,1.43486141974071,1.09550415030179,1.28048557742976,1.32356391639849,0.261309501736547,1.00270209116415,53.5970256905994,52.5943235994353,31.6221093010365,1324.50561584965,0.0162301363929219
"AreaShape_Eccentricity",3,4556,0.805313825145542,0.136707897536906,0.84643275488152,0.824647708688824,0.108942057891149,0.178297534353724,0.99835169659277,0.820054162239045,-1.3318331613862,1.72685136187975,0.0020253577518646
"AreaShape_EulerNumber",4,4556,1,0,1,1,0,1,1,0,NA,NA,0
"AreaShape_Extent",5,4556,0.594298535327159,0.11237237316787,0.615324754404482,0.604048390489561,0.107606533368805,0.0195252047179025,0.827349713740458,0.807824509022555,-0.847217162606839,0.670871678120739,0.00166482157352705
"AreaShape_FormFactor",6,4556,0.525290814811774,0.184028226763632,0.55393776213364,0.536852829167997,0.189931742458865,0.0227420671724646,0.874248015575488,0.851505948403023,-0.507320425060907,-0.464569251749596,0.00272641890010046
"AreaShape_MajorAxisLength",7,4556,181.770880144669,62.7982619130913,170.929919972213,174.392447570178,45.8180571491326,53.9372291312862,587.366281796191,533.429052664905,1.63394006881564,4.39745323982666,0.930370145843011
"AreaShape_MaxFeretDiameter",8,4556,190.002071871802,62.0291210074698,180.294204011111,183.829905362176,49.1879206730382,61.6198020120156,848.891041300354,787.271239288339,1.51337031854789,5.57736380922657,0.918975153135614
"AreaShape_MaximumRadius",9,4556,44.029403280011,13.5333183419853,42.9534631898291,43.6557902492869,12.6999106480738,3.16227766016838,101.019800039398,97.8575223792298,0.342117228873366,0.469991023560918,0.200499105803245
"AreaShape_MeanRadius",10,4556,15.9152652239278,4.72572788434399,15.7610640539096,15.8978842602617,4.34415007575064,1.65958577581442,34.7180688519678,33.0584830761534,0.11015774396966,0.386696237854293,0.0700127042856094
"AreaShape_MedianRadius",11,4556,14.1969251958144,4.22707896959809,14.0356688476182,14.2179989549234,3.90504178095892,1.4142135623731,30.4138126514911,28.999599089118,0.0240338656480503,0.414743030734419,0.0626251102757839
"AreaShape_MinFeretDiameter",12,4556,101.648219820432,35.5062381636829,93.4583658915172,97.8245385209355,28.9155681873424,15.2832143980174,274.942265685663,259.659051287646,1.13851078958508,1.71475097491854,0.526032774989843
"AreaShape_MinorAxisLength",13,4556,95.6236100074823,32.8463896617705,88.628901697328,92.5495790453058,28.8347662416688,14.731069500896,251.393635777309,236.662566276413,0.996849377930985,1.35990691605359,0.486626530879627
"AreaShape_Orientation",14,4556,-2.7815521169929,52.8363167131053,-6.05247767095091,-3.36106302255715,68.3670540686188,-89.9571584659302,89.9764345185048,179.933592984435,0.0880860841604314,-1.23900911152942,0.782781723389253
"AreaShape_Perimeter",15,4556,589.249809043018,272.018075469407,516.366999999998,544.238344487107,154.713757799999,184.05,3707.5200000001,3523.4700000001,2.86595242878125,15.1630636449748,4.03000797851141
"AreaShape_Solidity",16,4556,0.890688215575041,0.0980331412946248,0.927167734502101,0.909065705525106,0.0552164289862459,0.0815116826093775,0.986161423992077,0.9046497413827,-2.0553838297623,5.72522896246192,0.00145238268043076
"AreaShape_Zernike_0_0",17,4556,0.466636756075175,0.150902374914662,0.453677307882002,0.461904607651466,0.158303505838039,0.0117858959467706,0.920385444481738,0.908599548534968,0.254481196717265,-0.379755618786356,0.00223565207507986
"AreaShape_Zernike_1_1",18,4556,0.043605356695102,0.0295755605026328,0.0368296816347127,0.0402464320412887,0.0269857306225639,0.000440778862469266,0.164399066859098,0.163958287996628,1.02237749088416,0.759704597456552,0.000438168473138699
"AreaShape_Zernike_2_0",19,4556,0.160621898126777,0.0370665994073659,0.168746924047308,0.165068663290624,0.0324490107998169,0.000513986489013652,0.225213950539002,0.224699964049988,-1.13635675530209,1.26282808894421,0.000549149872081832
"AreaShape_Zernike_2_2",20,4556,0.0631569948310217,0.018680795525543,0.0644014591229794,0.0637311424027762,0.0174040501131146,0.00280595092374657,0.124643718910285,0.121837767986538,-0.269981106597249,0.339625519613269,0.000276760119278711
"AreaShape_Zernike_3_1",21,4556,0.0258327257845946,0.0182606459396473,0.0211540643409609,0.0237889296650402,0.0171840131047123,0.000160141122271731,0.0868378974403485,0.0866777563180768,0.895721599145417,0.109175869150494,0.000270535510195634
"AreaShape_Zernike_3_3",22,4556,0.0140330252647086,0.00992963009096546,0.0116910365874443,0.0127287430771412,0.00838647515658248,0.000115343037519528,0.0765172579306403,0.0764019148931208,1.49837477985733,3.30850364985857,0.000147109666963137
"AreaShape_Zernike_4_0",23,4556,0.0302256999593065,0.0183647366793161,0.0290518053137232,0.0297189896899107,0.0225256386915745,7.36584901410782e-05,0.0833559741236373,0.0832823156334963,0.20693659488512,-0.92546742800578,0.000272077637536366
"AreaShape_Zernike_4_2",24,4556,0.0342750388045995,0.0153181189559368,0.0362552991869202,0.03489198806539,0.0173942930853864,0.000473844147992507,0.0768113077425937,0.0763374635946012,-0.292230312170933,-0.855779124626733,0.00022694132182828
"AreaShape_Zernike_4_4",25,4556,0.0237217873469449,0.00743105039489369,0.0248430743362014,0.0241455547746073,0.00713278796322425,0.000398015985876572,0.0507739205345471,0.0503759045486705,-0.48083952030697,-0.00309383306673938,0.000110092655895987
"AreaShape_Zernike_5_1",26,4556,0.0136039092869434,0.00884289066351257,0.0119449548482595,0.0128077977001832,0.00931299790856196,3.55994675273296e-05,0.0536186591742794,0.0535830597067521,0.709879732400568,-0.187716254395,0.000131009381878623
"AreaShape_Zernike_5_3",27,4556,0.0118792928951981,0.00757592735146548,0.0103948238876249,0.0110922858285065,0.00717756018685122,9.37475594874311e-05,0.0512455853819325,0.0511518378224451,1.02744178207238,1.18332588850143,0.000112239040065051
"AreaShape_Zernike_5_5",28,4556,0.00698152122718784,0.00484083317800215,0.00588922861679895,0.00636462270495064,0.0041183353044001,8.81885753250658e-05,0.0341221620987387,0.0340339735234136,1.43779014764098,2.8897322854931,7.17180146809234e-05
"AreaShape_Zernike_6_0",29,4556,0.0124789250560661,0.00867352240435454,0.0110636168535007,0.0118439425152491,0.00990540753236668,1.63457225034363e-06,0.0506605680899823,0.050658933517732,0.571981049584215,-0.404581071770143,0.000128500153642465
"AreaShape_Zernike_6_2",30,4556,0.012792991973767,0.00691083272683554,0.0122993187853426,0.0125400519811573,0.00783742314822899,0.000132801703574628,0.0325993598833771,0.0324665581798025,0.289103555614187,-0.74353168257102,0.000102385516033244
"AreaShape_Zernike_6_4",31,4556,0.0145416800476471,0.00713816471302924,0.0145282491092664,0.0145308988331354,0.00891288678669447,0.000390518749086016,0.0434901030947309,0.0430995843456449,0.0415774221706068,-0.976501907957294,0.000105753489711281
"AreaShape_Zernike_6_6",32,4556,0.0121255731731214,0.00405680938407621,0.0127146016888731,0.0123615896556804,0.00408346030265221,0.000316073013526567,0.0277915978539155,0.0274755248403889,-0.448930464377154,-0.12388179805033,6.01025286901048e-05
"AreaShape_Zernike_7_1",33,4556,0.00852879593222491,0.00535609642774297,0.00755698651983697,0.00809475712793427,0.00568308406387632,6.10396747209477e-05,0.0302356861588743,0.0301746464841533,0.662834078531216,-0.211318823334081,7.93517537400131e-05
"AreaShape_Zernike_7_3",34,4556,0.00772957148077386,0.00457926127094467,0.00698907969993192,0.00734055766893707,0.00454229332662425,5.64879158274022e-05,0.0328467811998506,0.0327902932840232,0.818078132360589,0.601387171831651,6.78427689988964e-05
"AreaShape_Zernike_7_5",35,4556,0.00677193354962748,0.0041423949107018,0.00600465609469755,0.0063777049104722,0.00403385919956787,2.05817824770179e-05,0.0265248180740462,0.0265042362915692,0.907739478844046,0.760492750708772,6.13704972048847e-05
"AreaShape_Zernike_7_7",36,4556,0.00420926928965945,0.00292993426839677,0.00354640650552187,0.00382847278585467,0.00249903924947586,1.56815520470744e-05,0.022980699808325,0.0229650182562779,1.42843780294665,2.82291585158433,4.34076245035451e-05
"AreaShape_Zernike_8_0",37,4556,0.00778300846839426,0.00542828759252827,0.00685272450188067,0.0073702169336859,0.0059645564698523,3.59889683959336e-06,0.0373922391080592,0.0373886402112196,0.609682650478746,-0.244152125410106,8.04212818203098e-05
"AreaShape_Zernike_8_2",38,4556,0.00752561837129249,0.00408805111979454,0.00714819403087781,0.00734833018979208,0.00458314860025502,9.23571048968761e-05,0.0217999421558138,0.0217075850509169,0.360255323104566,-0.615559270238911,6.05653819177447e-05
"AreaShape_Zernike_8_4",39,4556,0.00724823672661622,0.00389641313677819,0.00686727402575166,0.00703434574251662,0.0042089248539134,9.16598603774318e-05,0.0274996421941615,0.0274079823337841,0.542316153116171,0.0546179342396944,5.77262227949216e-05
"AreaShape_Zernike_8_6",40,4556,0.00784416146683858,0.00409796998150599,0.00755081095019065,0.00772468887300298,0.00485627705314708,7.6860249385858e-05,0.0237052349903527,0.0236283747409668,0.246953652931938,-0.808069800881823,6.07123320487825e-05
"AreaShape_Zernike_8_8",41,4556,0.00735786425855878,0.00258260173717425,0.00768767682189616,0.00748933261406317,0.00271028433738259,8.1047995212108e-05,0.0172825408029059,0.0172014928076938,-0.391386899124337,-0.377288894589769,3.82618161979468e-05
"AreaShape_Zernike_9_1",42,4556,0.00597567257802647,0.00360532886585122,0.00540045253377387,0.00570667920290319,0.00381387427741237,0.000100442674587707,0.0207189887887558,0.0206185461141681,0.605976014384463,-0.331636632850163,5.34137449118599e-05
"AreaShape_Zernike_9_3",43,4556,0.00546379121146878,0.0030350902324283,0.00500641078762764,0.0052487716073553,0.00313728663755011,5.38701136363269e-05,0.0190075129657344,0.0189536428520981,0.635766921571891,-0.00724386159347246,4.4965533378916e-05
"AreaShape_Zernike_9_5",44,4556,0.00493212793308048,0.00284596852085026,0.00452946493602445,0.00471033648366246,0.00294198879215151,3.54659143721483e-05,0.0185463050513323,0.0185108391369602,0.702883692382833,0.177644023979325,4.21636533742361e-05
"AreaShape_Zernike_9_7",45,4556,0.00435436228390395,0.00263189680342219,0.00391182849579063,0.00410276935099441,0.00250850189260669,8.2848789741671e-05,0.0179441270267906,0.0178612782370489,0.919724699848761,0.882880851035669,3.89921335121092e-05
"AreaShape_Zernike_9_9",46,4556,0.00281089199176633,0.00197103722915653,0.00232759230695869,0.00255401768365626,0.00162033345570609,5.21326786271972e-05,0.013045039292323,0.0129929066136958,1.36135622919311,2.29365648946685,2.92013526885539e-05
"Children_FilteredChromatin_Count",47,4556,1.4743195785777,0.825498604037298,1,1.29237520570488,0,1,9,8,2.14442591301073,6.17580176158491,0.0122299444799009
"Intensity_IntegratedIntensityEdge_DNA",48,4556,2.75235150681567,1.59789989197545,2.26189060672186,2.47984281549128,0.940269518468831,0.743373770499602,20.726833215449,19.9834594449494,3.01449380070306,16.2547191657453,0.0236732404727561
"Intensity_IntegratedIntensityEdge_Rhodamine",49,4556,8.4413552535847,4.58136153898138,7.09628449147567,7.65785976761627,2.46371541098775,1.14641034416854,60.732036835514,59.5856264913455,2.96330004504816,16.1334898404278,0.0678738849345943
"Intensity_IntegratedIntensity_DNA",50,4556,73.3453400318122,60.2924150307728,52.2318917491939,62.7818327623748,34.7317518024808,6.23587396158837,519.792772647226,513.556898685638,2.12553918792453,6.05723053922336,0.893245469803579
"Intensity_IntegratedIntensity_Rhodamine",51,4556,300.127641177203,219.304894365894,230.31365810358,265.753901748427,142.478618698764,13.8979326342233,1906.94649197999,1893.04855934577,2.02580864558072,6.16898546547822,3.24905053642494
"Intensity_LowerQuartileIntensity_DNA",52,4556,0.00360527803364113,0.000711305747437641,0.00320439459756017,0.00346082863395981,0.000158361181011423,0.00303654535673559,0.00747310603037477,0.00443656067363918,1.60028211861493,1.87816000438976,1.05381520415069e-05
"Intensity_LowerQuartileIntensity_Rhodamine",53,4556,0.0163857497172054,0.00405623426877761,0.0161593034863472,0.0162578957347946,0.00373280030228198,0.00483711017295718,0.0365606173872948,0.0317235072143376,0.366892046072908,0.425158279344279,6.00940082296982e-05
"Intensity_MADIntensity_DNA",54,4556,0.000446110380237229,0.000445634776421963,0.000289921415969729,0.00036931354532711,0.000294099336164072,1.52590218931437e-05,0.00640878872945905,0.0063935297075659,2.29715687867888,11.4393509864667,6.60217781992448e-06
"Intensity_MADIntensity_Rhodamine",55,4556,0.00492012524654144,0.0025718389764616,0.00447089225053787,0.0046713867365754,0.00228492319537327,0.000244144350290298,0.0186999309808016,0.0184557866305113,1.05020156397013,1.54044511205793,3.81023635164735e-05
"Intensity_MassDisplacement_DNA",56,4556,2.37476736646556,2.36856730848446,1.65114114253017,1.9542485255597,1.40002175391569,0.00510667114418959,24.5788322075791,24.5737255364349,2.84596029680912,13.8421185858754,0.0350908487767285
"Intensity_MassDisplacement_Rhodamine",57,4556,2.53021843252385,2.43260495407128,1.86653744104935,2.0967649532411,1.38395449014845,0.020174123549563,26.5189939358124,26.4988198122628,3.23934212014777,16.1024676691601,0.0360395806659407
"Intensity_MaxIntensityEdge_DNA",58,4556,0.00744054835637021,0.00518618735789328,0.00595101853832603,0.00634614193935389,0.00246591016380116,0.00317387655377388,0.0543221198022366,0.0511482432484627,3.11035732229618,12.6904358672546,7.68345132737901e-05
"Intensity_MaxIntensityEdge_Rhodamine",59,4556,0.014453967955414,0.00346009375453235,0.0142061496153474,0.0142321057573729,0.00280525520648808,0.00498970039188862,0.0300602726638317,0.0250705722719431,0.921382094482694,2.13363933168635,5.12620546009676e-05
"Intensity_MaxIntensity_DNA",60,4556,0.0164353298181766,0.0124090471354729,0.011429007165134,0.0143878557337412,0.00757871331749484,0.0032501716632396,0.0624856948852539,0.0592355232220143,1.39410463455698,1.33264392984852,0.000183842779107171
"Intensity_MaxIntensity_Rhodamine",61,4556,0.0393631992092204,0.0128744533117814,0.0381780713796616,0.0390960750815285,0.0135059502348304,0.00614938605576754,0.0624856948852539,0.0563363088294864,0.178426901706148,-0.758062061183934,0.000190737874591305
"Intensity_MeanIntensityEdge_DNA",62,4556,0.00385164096809568,0.000824745658545395,0.00354203229159148,0.00371266942947245,0.000485846796241263,0.00306559797616323,0.0113382069217419,0.00827260894557866,2.32082904798871,9.11433069500049,1.22187894258314e-05
"Intensity_MeanIntensityEdge_Rhodamine",63,4556,0.0119930936634903,0.00238535969331053,0.0120719610218461,0.0119797337410975,0.0020519304294182,0.00462262235551832,0.0224006436396415,0.0177780212841232,0.220297812033429,0.890063162138412,3.5339631673639e-05
"Intensity_MeanIntensity_DNA",64,4556,0.00520851335126129,0.00193803378126079,0.00433720935822208,0.00491146140664517,0.00104287513128518,0.00306301222312616,0.0172667632130316,0.0142037509899054,1.36274485891152,1.50199307401616,2.87123993051852e-05
"Intensity_MeanIntensity_Rhodamine",65,4556,0.0218160322279835,0.00611457231931057,0.0213748011205847,0.0216099737360432,0.00593596851280963,0.00514969537255249,0.0463994170353897,0.0412497216628373,0.334062499806346,0.037552448449353,9.05887419043153e-05
"Intensity_MedianIntensity_DNA",66,4556,0.00397767638440119,0.00102888745025041,0.00352483405731618,0.00378325814259909,0.000520329594751821,0.00306706340052187,0.0113679710775614,0.0083009076770395,1.60017758056864,2.3512678520268,1.52431952411404e-05
"Intensity_MedianIntensity_Rhodamine",67,4556,0.0213457088652468,0.00617083064388007,0.0208438243716955,0.0210737954010064,0.00590461078472435,0.00512703135609627,0.0494544915854931,0.0443274602293968,0.474118016874767,0.417239723526242,9.14222214312972e-05
"Intensity_MinIntensityEdge_DNA",68,4556,0.00324715402810708,0.000356677899748724,0.00303654535673559,0.00318109173582099,4.52460517175496e-05,0.00294499122537673,0.0052796215750277,0.00233463034965098,1.42839548109351,1.07779852089198,5.28426200819774e-06
"Intensity_MinIntensityEdge_Rhodamine",69,4556,0.0106555197931273,0.00181800101619185,0.0109559781849384,0.0107715972903574,0.00162885786183178,0.00444037560373545,0.0170290693640709,0.0125886937603354,-0.504955666919547,0.209849653095121,2.69340873306009e-05
"Intensity_MinIntensity_DNA",70,4556,0.003234282996149,0.000356623251637274,0.00303654535673559,0.00316789180300394,6.7869077576325e-05,0.00292973220348358,0.0052796215750277,0.00234988937154412,1.43042311940373,1.09888990370689,5.28345238433441e-06
"Intensity_MinIntensity_Rhodamine",71,4556,0.0104618816024479,0.00189131274935593,0.0107576102018356,0.0105697186792742,0.00174197402670979,0.0040894178673625,0.0170290693640709,0.0129396514967084,-0.454300257548877,0.0921925188565966,2.80202168793815e-05
"Intensity_StdIntensityEdge_DNA",72,4556,0.000823861968299134,0.00109064531233121,0.000511307960611563,0.000591885393673241,0.000455636964593657,3.05826683571444e-05,0.0121190878519902,0.0120885051836331,3.8059014040349,20.02067389833,1.61581516332549e-05
"Intensity_StdIntensityEdge_Rhodamine",73,4556,0.000701055460571709,0.000554920666984348,0.000554171331393429,0.000585454657807082,0.000243389919101206,7.61300994021518e-05,0.00476302879584617,0.00468689869644402,3.2386327775608,13.0234485448763,8.221272470694e-06
"Intensity_StdIntensity_DNA",74,4556,0.00274465054679708,0.00251648334316554,0.00173987438331944,0.00234160938697901,0.00154394502800288,3.19115243268349e-05,0.0176422902049754,0.0176103786806486,1.4750022055063,2.05331257709464,3.72822575604494e-05
"Intensity_StdIntensity_Rhodamine",75,4556,0.00665984814103303,0.0031967315560835,0.00615027251511627,0.00640483161976044,0.00293468985275768,0.000374053724377672,0.0200756793816649,0.0197016256572873,0.751504859127113,0.373376355590816,4.73602853558333e-05
"Intensity_UpperQuartileIntensity_DNA",76,4556,0.0055204829462449,0.00222428077712648,0.00482185091823339,0.00516757290529749,0.0014818083663471,0.00308232242241502,0.0245975442230701,0.0215152218006551,2.19924154406558,7.53481054810534,3.29532118878527e-05
"Intensity_UpperQuartileIntensity_Rhodamine",77,4556,0.0266199390230888,0.00844792343167373,0.025803005322814,0.026194778166929,0.00805379720572382,0.00543221179395914,0.0624856948852539,0.0570534830912948,0.517219223629181,0.297800978218559,0.00012515785494309
"Math_AreaSquareMicron",78,4556,346.493522988671,201.714760121694,296.498779861964,317.732968881301,145.805071165992,51.5285763659789,1276.32722740651,1224.79865104053,1.6172814054198,3.28489993332359,2.98844880536392
"Math_AspectRatio",79,4556,1.9796489741243,0.725655317340879,1.84064202130252,1.8921217099866,0.551537737126741,1.06165394155991,16.2285622384375,15.1669082968776,4.78045286533051,67.6974521017385,0.0107507440948051
"Math_BeadAreaEquiv",80,4556,7.40310210661781,5.38444041740099,5.74128405248817,6.48883159960007,3.5228650251137,0.632432674686591,55.4444691145238,54.8120364398373,2.11746736252028,6.56765860830525,0.0797716762185747
"Math_MaxFeretMicron",81,4556,30.7446718239166,10.0370745966781,29.173819419274,29.7459393789933,7.95921046489302,9.97084174951722,137.361009919153,127.390168169636,1.51337031854789,5.57736380922656,0.148701481089907
"Math_MinFeretMicron",82,4556,16.4479320097788,5.74534598117854,15.1227129274302,15.8292133529024,4.67889452869625,2.47301203851418,44.4890397549623,42.0160277164481,1.13851078958508,1.71475097491855,0.0851185720048301
"Math_SpindletoChromatinArea",83,4556,2.54098369069617,1.32722014232152,2.43158746827689,2.43917637556408,1.00022825540066,0.236487610177948,42.0484581497797,41.8119705396018,7.9573853080658,194.974845327976,0.0196630600873372
"Math_TotalChromatinArea",84,4556,160.909539858627,117.033078496335,124.789225081431,141.037485620846,76.5709539070605,13.746190341534,1205.10886982751,1191.36267948598,2.11746736252028,6.56765860830525,1.73387095425953
"Math_TotalChromatinIntegratedIntensity",85,4556,47.5348590921265,43.0848824174052,34.2718857671134,39.7377691752657,27.2135662046111,1.72903028875589,408.157933204435,406.428902915679,2.43469885828508,8.66791433459571,0.638312066563008
"Math_TotalChromatinMaxFeret",86,4556,23.3150735253049,13.1280859695035,19.9080424968871,21.3646414734999,10.1666350011926,4.25661697021556,146.184121307673,141.927504337458,2.14767003856203,8.60908826736947,0.19449549853768
"Math_TotalChromatinPerimeter",87,4556,92.788491366697,77.0586036604413,68.7668284789652,79.090708707686,45.0098647572821,13.9673139158578,1563.68770226539,1549.72038834953,3.95222758546124,39.3345800576893,1.14164026426786
"Mean_FilteredChromatin_AreaShape_Area",88,4556,4657.99441779199,3518.61914536095,3480.5,4018.6814162509,1883.6433,525,27324,26799,2.29123070813661,6.91677470842134,52.1291212162201
"Mean_FilteredChromatin_AreaShape_Compactness",89,4556,1.45297060734636,1.23404406503797,1.26884698406865,1.3259783809899,0.272208960888155,1.00229345722505,46.9045110385506,45.9022175813255,24.50562579007,751.687640733178,0.0182826358849709
"Mean_FilteredChromatin_AreaShape_Eccentricity",90,4556,0.75336106020335,0.143931679067738,0.779637228202354,0.767557164176516,0.134781446734731,0.138081425606185,0.999609105613224,0.861527680007039,-0.948674236287752,0.823172573468611,0.00213237967367637
"Mean_FilteredChromatin_AreaShape_EulerNumber",91,4556,-1.39187936368577,6.064493780361,1,0.0603211608285662,0,-114,1,115,-6.50426773060016,78.0247057319894,0.0898468172687163
"Mean_FilteredChromatin_AreaShape_Extent",92,4556,0.590081802962857,0.112697250055167,0.599894538884201,0.596586469826528,0.114204283060051,0.0283333333333333,0.83710407239819,0.808770739064857,-0.602107209712392,0.424000393667924,0.00166963469649906
"Mean_FilteredChromatin_AreaShape_FormFactor",93,4556,0.473964476838227,0.22759069932269,0.47519203971083,0.475288373717736,0.282730414308009,0.0107823543088041,0.908922575311022,0.898140221002218,-0.0359007374950344,-1.09266691154609,0.00337180657029017
"Mean_FilteredChromatin_AreaShape_MajorAxisLength",94,4556,103.430639297921,47.8283723894426,91.0291701437444,96.7148005273034,32.7485802136656,26.3388467649353,775.370949392947,749.032102628012,3.28797542602179,27.5369525368567,0.708587920108077
"Mean_FilteredChromatin_AreaShape_MaxFeretDiameter",95,4556,103.948499779697,46.9183836814419,90.790955444668,97.1344803100874,31.5855278811576,26.3058928759318,661.211766380484,634.905873504552,2.68727582615163,16.9259744001819,0.695106236042524
"Mean_FilteredChromatin_AreaShape_MaximumRadius",96,4556,24.4615612155777,8.36042282280536,23.3452350598575,23.7651322100961,7.35437614127817,4,67.6239602507869,63.6239602507869,0.895256869747888,1.37963148981332,0.123861514061126
"Mean_FilteredChromatin_AreaShape_MeanRadius",97,4556,8.62622627896662,2.70560669383974,8.46816621911306,8.46159077618895,2.50697574329193,1.70872299951337,23.2009031310557,21.4921801315423,0.699338217537607,1.28796010292163,0.0400841618487017
"Mean_FilteredChromatin_AreaShape_MedianRadius",98,4556,7.57349478972497,2.38812189996347,7.41343782839594,7.44718040044073,2.30288854709307,1.4142135623731,20,18.5857864376269,0.636370541944375,1.16160506194166,0.0353805543764059
"Mean_FilteredChromatin_AreaShape_MinFeretDiameter",99,4556,63.3147244046878,25.0587569055652,56.4989589387563,59.9391231819943,17.3320602633225,12.4961713006969,256.868408976851,244.372237676154,1.58920503300041,3.71024094222672,0.371251028398528
"Mean_FilteredChromatin_AreaShape_MinorAxisLength",100,4556,59.2929978891558,22.3989909734959,54.0022225312762,56.4479377608521,16.2244666979831,10.6904914945796,297.85179832833,287.16130683375,1.75464549208943,6.52268166817221,0.331846007578808
"Mean_FilteredChromatin_AreaShape_Orientation",101,4556,0.396723760335622,47.0846241653436,0.753792068022707,0.466932669103794,55.0412568323466,-89.9583040218765,89.9145582236475,179.872862245524,-0.0142895921505685,-0.971544051772641,0.697569125596165
"Mean_FilteredChromatin_AreaShape_Perimeter",102,4556,418.080164207672,339.1230166734,295.539999999999,350.651830480021,130.581477599999,86.318,5253.38200000003,5167.06400000003,3.9637877411672,29.590696678954,5.02418253100378
"Mean_FilteredChromatin_AreaShape_Solidity",103,4556,0.832616178323663,0.105788853029975,0.850425020528312,0.84336889023811,0.10687456779214,0.0804730665611349,0.97928815604263,0.898815089481495,-1.11252307688933,2.31740581614225,0.00156728526592462
"Mean_FilteredChromatin_AreaShape_Zernike_0_0",104,4556,0.534100227877164,0.152661470711376,0.52907192281212,0.53394057750631,0.159250676242945,0.0140609017284136,0.967479769959825,0.953418868231412,-0.0146712914383026,-0.335839175212294,0.00226171346854973
"Mean_FilteredChromatin_AreaShape_Zernike_1_1",105,4556,0.0524162017264298,0.0270298163429613,0.0495129038134843,0.0507630027774264,0.0275541770048101,0.000735257997480045,0.164911880573466,0.164176622575986,0.606364779297605,0.260969380065225,0.000400452710107066
"Mean_FilteredChromatin_AreaShape_Zernike_2_0",106,4556,0.141716220910779,0.0344900458536958,0.146316039610348,0.143937802968536,0.033227569806716,0.00191837624558609,0.22213412828375,0.220215752038164,-0.654998747889963,0.451945527242958,0.000510977661060804
"Mean_FilteredChromatin_AreaShape_Zernike_2_2",107,4556,0.0698839527807103,0.0229208881664919,0.0702703382040979,0.0703356335068717,0.0241472285165222,0.000823310694278736,0.136669375503669,0.135846064809391,-0.186513874708496,-0.300355614475456,0.00033957802997514
"Mean_FilteredChromatin_AreaShape_Zernike_3_1",108,4556,0.0266800081632337,0.016346684844582,0.0236778584208325,0.0252844664337519,0.016641057841622,0.000114312278216189,0.0886955673286248,0.0885812550504086,0.729549029776252,0.0437285586405771,0.000242179753063086
"Mean_FilteredChromatin_AreaShape_Zernike_3_3",109,4556,0.018317229270569,0.0107556354637478,0.0166979225777662,0.0172008485734467,0.00970493717870296,0.000112575902010553,0.0722103695584768,0.0720977936564662,1.18771991711942,2.1498244155139,0.00015934711933413
"Mean_FilteredChromatin_AreaShape_Zernike_4_0",110,4556,0.0258434357831215,0.0168924579560259,0.023398949158917,0.0243517991060151,0.016681912694354,7.16762697155082e-06,0.107835243168238,0.107828075541267,0.785753851780976,0.386094257993777,0.000250265502474336
"Mean_FilteredChromatin_AreaShape_Zernike_4_2",111,4556,0.0291226393517895,0.0147730182734784,0.0275299490033361,0.0284891639464588,0.0158714382815107,0.00028429734953297,0.0744443450483398,0.0741600476988068,0.364499962301872,-0.551874883908813,0.000218865534601242
"Mean_FilteredChromatin_AreaShape_Zernike_4_4",112,4556,0.0228783996045872,0.00860455700144416,0.0227189523943222,0.0229262934693982,0.00902859878005447,0.000283808830678561,0.0487649477251919,0.0484811388945134,-0.0162678395915345,-0.43939895191779,0.000127478415938121
"Mean_FilteredChromatin_AreaShape_Zernike_5_1",113,4556,0.0149263349877859,0.00767605466176403,0.0140086608359554,0.0144466906669521,0.00778278393661316,0.000114849422168335,0.0483310224274111,0.0482161730052427,0.585001711693236,0.0772581503822085,0.000113722448322659
"Mean_FilteredChromatin_AreaShape_Zernike_5_3",114,4556,0.0138642806788796,0.00727278524098049,0.0129333289165005,0.0133680824082943,0.00716642150797118,0.000251623418885044,0.0554322540926304,0.0551806306737454,0.794321901482111,1.12496124986466,0.000107747922620855
"Mean_FilteredChromatin_AreaShape_Zernike_5_5",115,4556,0.0089490432830223,0.00516403927626525,0.00811297212114188,0.00844877745531221,0.00461790381159937,6.57892195233784e-05,0.036963389092706,0.0368975998731826,1.08976405080597,1.83097396920789,7.6506384543684e-05
"Mean_FilteredChromatin_AreaShape_Zernike_6_0",116,4556,0.0111365612089596,0.00743804829578019,0.0100795408174899,0.010489815725282,0.0074231572594203,2.12248057439495e-06,0.0485904650910381,0.0485883426104638,0.820075630782439,0.598621473753788,0.000110196331346071
"Mean_FilteredChromatin_AreaShape_Zernike_6_2",117,4556,0.0132728498549623,0.00597886716458795,0.012870284016475,0.0130534111336243,0.0060787559143814,0.000118431236783804,0.0389203312070645,0.0388018999702806,0.355039164421236,-0.164288324961076,8.85782400091248e-05
"Mean_FilteredChromatin_AreaShape_Zernike_6_4",118,4556,0.0122325712648266,0.006203769999991,0.0114618413084553,0.0118234240013767,0.00609147954382114,9.74744332876737e-05,0.0381414787739324,0.0380440043406448,0.606029873213124,0.106826163415176,9.19102252806921e-05
"Mean_FilteredChromatin_AreaShape_Zernike_6_6",119,4556,0.0109196131504319,0.00447330397687873,0.0108123998264636,0.010874607970378,0.00465630888392476,0.000286098989256552,0.0304629796353906,0.0301768806461341,0.133569076773857,-0.308357933990209,6.62729882417525e-05
"Mean_FilteredChromatin_AreaShape_Zernike_7_1",120,4556,0.00884488981931422,0.00437594082634367,0.00842402012633466,0.00859890457814627,0.00436947118225119,0.000207967410196203,0.0355570861470922,0.035349118736896,0.587776230334382,0.409887909562554,6.48305316226759e-05
"Mean_FilteredChromatin_AreaShape_Zernike_7_3",121,4556,0.00896448147594259,0.00437568629871176,0.00854988889721294,0.00870827767224087,0.00427192488265047,0.00015325577784103,0.0299208466117168,0.0297675908338758,0.585851820423153,0.280997862959491,6.48267607394889e-05
"Mean_FilteredChromatin_AreaShape_Zernike_7_5",122,4556,0.00787533627898047,0.00402401895217107,0.00749062784928566,0.00760441512208504,0.00401836996337781,0.000271631535265204,0.0289317475264412,0.028660115991176,0.704225282995723,0.668042614412335,5.96167311857715e-05
"Mean_FilteredChromatin_AreaShape_Zernike_7_7",123,4556,0.00527463215202285,0.00302194222121091,0.00481204997903685,0.00497492858116043,0.00276184222345238,3.6109411020322e-05,0.0213931814131319,0.0213570720021116,1.09395295016551,1.77697220017819,4.47707426834219e-05
"Mean_FilteredChromatin_AreaShape_Zernike_8_0",124,4556,0.00658893070555582,0.00449394361083154,0.00583610232212875,0.00614177343702451,0.00431594121995663,1.90862391749726e-08,0.0278301293709889,0.0278301102847497,0.972048758655263,1.04218468494433,6.65787689857704e-05
"Mean_FilteredChromatin_AreaShape_Zernike_8_2",125,4556,0.00741011610324594,0.0034542298563768,0.00715500977829614,0.00724909456331054,0.00341798019810869,0.000204365356676606,0.0236160168289961,0.0234116514723195,0.488259404893301,0.187582233164087,5.11751796522671e-05
"Mean_FilteredChromatin_AreaShape_Zernike_8_4",126,4556,0.00785917350190443,0.00380484257793965,0.00744266872180397,0.00762394254277691,0.00370008822957009,0.00018035375793521,0.0250284768981325,0.0248481231401973,0.690058235461182,0.716460949893079,5.6369584703577e-05
"Mean_FilteredChromatin_AreaShape_Zernike_8_6",127,4556,0.00695546252224059,0.00336326723080878,0.00671624737993322,0.00678658740725406,0.00330286480538844,0.000127443432337459,0.0223985709363653,0.0222711275040278,0.519443454596666,0.231415563952913,4.98275482268447e-05
"Mean_FilteredChromatin_AreaShape_Zernike_8_8",128,4556,0.00635079276659722,0.00275801115512475,0.00626953783266938,0.00630515667530925,0.00292222254792064,0.000193970113815698,0.018763028095143,0.0185690579813273,0.20646432960196,-0.241462934228705,4.08605455383655e-05
"Mean_FilteredChromatin_AreaShape_Zernike_9_1",129,4556,0.00568556100412045,0.00286095163778908,0.00535380955227345,0.00549868529693159,0.00281000736144319,0.000135116122475079,0.0189790501469283,0.0188439340244533,0.667320710319232,0.454804081987477,4.23856315670537e-05
"Mean_FilteredChromatin_AreaShape_Zernike_9_3",130,4556,0.00594694860590948,0.00282295485396898,0.00569630279888836,0.00578683480823943,0.0027806898389726,0.000168890906650291,0.0187328370774807,0.0185639461708305,0.57428918213851,0.315145747880002,4.18227008070719e-05
"Mean_FilteredChromatin_AreaShape_Zernike_9_5",131,4556,0.00585126017475863,0.00289146562486297,0.0055670789338498,0.00567545327993229,0.00286051476067206,6.13299118972512e-05,0.0176872320525532,0.0176259021406559,0.593582266268815,0.238295048507675,4.28377030374946e-05
"Mean_FilteredChromatin_AreaShape_Zernike_9_7",132,4556,0.00504870215852173,0.00251452734045367,0.00476044767822068,0.00488469974240362,0.00242611163962429,8.02481976087864e-05,0.0187579200231625,0.0186776718255537,0.719252098715615,0.821134340769737,3.72532789474613e-05
"Mean_FilteredChromatin_AreaShape_Zernike_9_9",133,4556,0.00345902605292693,0.00199295213746222,0.00311548740667786,0.00325525351138232,0.00179480500439487,8.29483085528863e-05,0.016773814834795,0.0166908665262421,1.15771578260111,2.14859282372366,2.95260269042945e-05
"Mean_FilteredChromatin_Intensity_IntegratedIntensityEdge_DNA",134,4556,2.11510301390457,1.72239952894545,1.62529947360357,1.78719860449107,0.869121985467803,0.370672159828246,20.4935993221588,20.1229271623306,3.76049117019359,22.901057265334,0.0255177301429556
"Mean_FilteredChromatin_Intensity_IntegratedIntensityEdge_Rhodamine",135,4556,9.07533108279132,6.72130034966405,6.9894850530196,7.84992543383913,3.52782109527473,0.540917079430073,65.0733504127711,64.532433333341,2.61755202941018,9.93599365429358,0.0995775519269272
"Mean_FilteredChromatin_Intensity_IntegratedIntensity_DNA",136,4556,34.5222255283936,31.0617695203953,24.8819157743516,29.0405158719924,16.6043698568414,1.72903028875589,364.065615558531,362.336585269775,3.20902654688,16.9942090671194,0.460186988595742
"Mean_FilteredChromatin_Intensity_IntegratedIntensity_Rhodamine",137,4556,102.24829603997,94.7592068475456,71.1737090861425,83.5567361899925,43.5576388259254,2.76444653933868,1014.39875172218,1011.63430518284,2.747370176339,10.5879894246698,1.40387861716186
"Mean_FilteredChromatin_Intensity_LowerQuartileIntensity_DNA",138,4556,0.00528533904898968,0.00203520668929254,0.00442511634901166,0.00490776031062956,0.000859674982633443,0.0031128404662013,0.016006713733077,0.0128938732668757,1.70664439385077,2.52160407919968,3.01520374394795e-05
"Mean_FilteredChromatin_Intensity_LowerQuartileIntensity_Rhodamine",139,4556,0.0162310346854634,0.00693761217097993,0.0157562118644516,0.0158482952283822,0.00686891635581851,0.00312809948809445,0.0519035644829273,0.0487754649948329,0.556226116939706,0.252598908851331,0.000102782259423828
"Mean_FilteredChromatin_Intensity_MADIntensity_DNA",140,4556,0.00180823361809035,0.00198848217447698,0.00110818655230105,0.00140152769692144,0.000919060554960743,3.05180437862873e-05,0.0199359124526381,0.0199053944088519,2.56865385712032,9.0116708157229,2.94598034135832e-05
"Mean_FilteredChromatin_Intensity_MADIntensity_Rhodamine",141,4556,0.00442215287371692,0.00239486675650933,0.00395971653051674,0.00415632584297175,0.0020473847032059,0,0.0199435409158468,0.0199435409158468,1.30172826071049,2.67625213624837,3.54804809185917e-05
"Mean_FilteredChromatin_Intensity_MassDisplacement_DNA",142,4556,1.44149824800933,1.91307507989967,0.893406402262773,1.06365904295874,0.755366066868154,0.00774506250729708,24.9534657034205,24.9457206409132,4.65665754030773,33.1030565881335,0.0283426306218173
"Mean_FilteredChromatin_Intensity_MassDisplacement_Rhodamine",143,4556,3.70041596008007,4.10270835006151,2.55840179581577,2.95935142414227,1.97419155650399,0.0249240367721147,93.3291641702301,93.304240133458,5.54608823389071,72.4495487562136,0.0607825320274087
"Mean_FilteredChromatin_Intensity_MaxIntensityEdge_DNA",144,4556,0.0050526340323385,0.00172288820718891,0.00426616830130418,0.00473805624376897,0.000688116892706602,0.00319422191629807,0.0181124582886696,0.0149182363723715,1.59934258160209,2.17102870622703,2.55249700192641e-05
"Mean_FilteredChromatin_Intensity_MaxIntensityEdge_Rhodamine",145,4556,0.0345907996865039,0.0115325013541362,0.0336257989207904,0.0341857575764932,0.0117036435365677,0.00497444113716483,0.0624856948852539,0.0575112537480891,0.29400010931118,-0.322118360530083,0.000170856559400185
"Mean_FilteredChromatin_Intensity_MaxIntensity_DNA",146,4556,0.014532628611108,0.0102784728634543,0.0109864957630634,0.01275864791893,0.00665682544524316,0.0032501716632396,0.0624856948852539,0.0592355232220143,1.74009980259496,3.35262097814782,0.000152277849827273
"Mean_FilteredChromatin_Intensity_MaxIntensity_Rhodamine",147,4556,0.035979632465687,0.012277750540968,0.0345807587727904,0.0354907837240127,0.0123634834592231,0.00614938605576754,0.0624856948852539,0.0563363088294864,0.304529180272625,-0.470499687218506,0.000181897591007104
"Mean_FilteredChromatin_Intensity_MeanIntensityEdge_DNA",148,4556,0.00441339178230117,0.00125229490640169,0.00383314550589508,0.00418214567348614,0.000470681623093658,0.00310491547945385,0.0106788172893457,0.00757390180989184,1.54299806775362,1.51835248608339,1.85530261382046e-05
"Mean_FilteredChromatin_Intensity_MeanIntensityEdge_Rhodamine",149,4556,0.0197763611717052,0.00755125233490232,0.0189978597992341,0.0193460818076959,0.00751095911401191,0.00374696276395313,0.0536913852406353,0.0499444224766822,0.563463597537099,0.195117432543873,0.000111873474234736
"Mean_FilteredChromatin_Intensity_MeanIntensity_DNA",150,4556,0.00752519595427769,0.00413511883878194,0.00596386650329861,0.0067720989156493,0.00218761418189813,0.00313938321370281,0.0331952718196451,0.0300558886059423,1.82999314084426,3.65547962627298,6.12627005893889e-05
"Mean_FilteredChromatin_Intensity_MeanIntensity_Rhodamine",151,4556,0.021078172884917,0.00779797219774231,0.0201996831197873,0.0206248736223422,0.00756265291244751,0.00419306317211769,0.0536942008844991,0.0495011377123815,0.576641484154292,0.217665635528065,0.000115528683595315
"Mean_FilteredChromatin_Intensity_MedianIntensity_DNA",152,4556,0.00703362074751342,0.00386999735372156,0.00555428396910429,0.00627546417638979,0.00180984206870198,0.00314335850998759,0.0307011529803276,0.02755779447034,1.96891155295812,4.12206516472058,5.73348671238209e-05
"Mean_FilteredChromatin_Intensity_MedianIntensity_Rhodamine",153,4556,0.0210369394368291,0.00812817783191801,0.0201342795044184,0.0205711415178366,0.00786150165852159,0.00326543068513274,0.0624856948852539,0.0592202642001212,0.59681727469815,0.437755184544562,0.000120420753131434
"Mean_FilteredChromatin_Intensity_MinIntensityEdge_DNA",154,4556,0.00381363894765574,0.00083758892468103,0.00341802090406418,0.0036523116148937,0.000294099336164072,0.00296025024726987,0.00787874202554424,0.00491849177827438,1.63331027190839,1.90897022817769,1.24090652555072e-05
"Mean_FilteredChromatin_Intensity_MinIntensityEdge_Rhodamine",155,4556,0.00857333152951959,0.00507842288178621,0.00723277637735009,0.00786267335114083,0.00472821240448393,0.0030060273129493,0.0394445713609457,0.0364385440479964,1.32740539832079,2.18308197438986,7.52379587148249e-05
"Mean_FilteredChromatin_Intensity_MinIntensity_DNA",156,4556,0.00381354684425318,0.000837639161779823,0.00341802090406418,0.00365223697988993,0.000294099336164072,0.00296025024726987,0.00787874202554424,0.00491849177827438,1.63318822297544,1.90859584631405,1.24098095292419e-05
"Mean_FilteredChromatin_Intensity_MinIntensity_Rhodamine",157,4556,0.0082191057574025,0.00451027454881613,0.00712596345692873,0.0076448102875301,0.00454722819761373,0.0030060273129493,0.0316166952252388,0.0286106679122895,1.11470986958307,1.2101752616035,6.68207154456183e-05
"Mean_FilteredChromatin_Intensity_StdIntensityEdge_DNA",158,4556,0.000256753166129238,0.000217990016141771,0.000169191726510731,0.000214354944496901,0.000102166792926003,3.12327373908694e-05,0.00160041479218531,0.00156918205479444,1.90025575368292,3.78034573114042,3.22957032458665e-06
"Mean_FilteredChromatin_Intensity_StdIntensityEdge_Rhodamine",159,4556,0.00717996475864114,0.0032266066344129,0.00680765987542627,0.00695764346756424,0.00307084211530222,0.000255562168967051,0.0199418751169013,0.0196863129479342,0.686950899105054,0.503212990812811,4.7802891251851e-05
"Mean_FilteredChromatin_Intensity_StdIntensity_DNA",160,4556,0.00264813804344517,0.00260669402745312,0.0017194543076395,0.00217332279906573,0.00152719880065895,3.60236110648291e-05,0.0215435551914326,0.0215075315803678,2.05278362463506,5.44658423480667,3.86187488094172e-05
"Mean_FilteredChromatin_Intensity_StdIntensity_Rhodamine",161,4556,0.0063320154900275,0.00295083295976296,0.00585297611312225,0.00607299180505503,0.0027042988792134,0.00051842348243454,0.0207599391790454,0.0202415156966109,0.897269489385246,0.969584995902477,4.37172432404648e-05
"Mean_FilteredChromatin_Intensity_UpperQuartileIntensity_DNA",162,4556,0.00932701137541685,0.00609496309230901,0.00706492736935615,0.00817032379218549,0.00314460093956441,0.00315861753188074,0.0567559311166406,0.0535973135847598,2.05599801586813,5.16699130538815,9.02982268672819e-05
"Mean_FilteredChromatin_Intensity_UpperQuartileIntensity_Rhodamine",163,4556,0.0257311116723834,0.00948549342484245,0.024590390647063,0.0251664882906538,0.00908314574528486,0.00458152138162404,0.0624856948852539,0.0579041735036299,0.620148374991115,0.43423028208061,0.000140529683978784
"Mean_FilteredChromatin_Number_Object_Number",164,4556,4.95013918502725,4.00780974387763,4,4.3244621198269,2.9652,1,24,23,1.32110890213581,1.52955135734326,0.0593765881782336
"Parent_Spindles",165,4556,3.67054433713784,2.86109015823221,3,3.18102029621503,2.9652,1,18,17,1.50878622889269,2.32970776621754,0.0423876837780697
"Euclidian_norm_centers",166,4556,14.2139605553787,18.1320898272799,7.58388676193622,10.1367628274813,6.63074460877616,0.140371507327909,165.487788193165,165.347416685837,2.79828638581439,9.67634157825654,0.268630922944832
